sku,meta_title,meta_description
10004,"Purify Cleanser - Try Cleansers | Kate Somerville","Kate Somerville Purify Clarifying Cleanser is formulated to remove impurities and reduce the appearance of pores. Read reviews and shop Kate Somerville products. "
10097,"ExfoliKate - Try Exfoliating Treatments | Kate Somerville","Kate Somerville ExfoliKate Gentle Exfoliating Treatment helps to reduce the appearance of wrinkles, while calming skin. Read reviews and buy Kate Somerville products."
10124,"Exfolikate Acne-Try Exfoliating Treatments | Kate Somerville","Kate Somerville ExfoliKate Acne Clearing Exfoliating Treatment is intended to target and prevent breakouts. Read reviews and buy Kate Somerville acne products. "
10008,"Skin Clearing, Acne Treatment, Skin Mask | Clearing Mask | Kate Somerville","The Clearing Mask gently sloughs away dead cells, refines pores, and heals blemishes. Powerful antioxidants and calming botanicals soothe skin and balance pH levels, leaving you with clear, radiant skin. Purchase Kate Somerville's Clearing Mask here."
10090,"Quench Hydrating Mask - Get Smooth Skin | KateSomerville.com","Use Quench Hydrating Mask by Kate Somerville to get that baby soft, smooth skin. Visit KateSomerville.com today for more info."
10030,"Micro Glycolic Polisher – Skin Peel at Home | KateSomerville.com","Peel away the years with a professional formula that rejuvenates with Micro Glycolic Polisher. Order your at home skin peel at KateSomerville.com."
10126,"Clinic To Go Pads - Try Exfoliating Pads | Kate Somerville","Kate Somerville Clinic-To-Go Resurfacing Peel Pads are a treatment to reduce the appearance of fine lines. Read reviews and buy Kate Somerville products."
10013,"Face Serum, Skin Nutrients  | Total Vitamin Antioxidant Face Serum  | Kate Somerville","Total Vitamin Antioxidant Face Serum delivers an essential mix of nutrients that combats the signs of aging. This incredibly light serum multi-tasks to brighten, balance, and tone. Buy Total Vitamin Antioxidant  here."
10121,"Discoloration Treatment | Complexion Correction Overnight Perfector | Kate Somerville","Complexion Correction Overnight Discoloration Perfector is a high-performance treatment that clarifies and evens out the complexion, corrects discoloration and reverses the signs of aging. Buy now."
10122,"Discoloration Treatment | Complexion Correction Daily Discoloration Perfector | Kate Somerville","Reveal radiance and a beautiful glow with Kate Somerville's highly effective anti-aging day cream. Complexion Correction Daily Discoloration Perfector is a rich, hydrating formula is blended with powerful skin lighteners to even out skin tone, decrease da"
10123,"Discoloration Treatment | Complexion Correction Overnight Discoloration Perfector | Kate Somerville","Complexion Correction Spot Reducing Concentrate was scientifically formulated after years of clinical research. This comprehensive attack on melanin not only fades discoloration, it also reverses the signs of aging. Shop now."
10015,"Anti Bac Lotion - Try Acne Treatments |Kate Somerville","Kate Somerville Anti Bac Clearing Lotion Acne Treatment helps clear existing acne with Benzoyl Peroxide. Read reviews and shop Kate Somerville acne products. "
10016,"Clarifying Toner - Try Daily Toners | Kate Somerville","Kate Somerville Clarifying Treatment Toner helps decrease shininess and clarify skin. Read reviews and buy Kate Somerville acne products. "
10000,"EradiKate - Try Acne Treatments | Kate Somerville","Kate Somerville EradiKate Acne Treatment calms flare-ups and prevents future breakouts with Sulphur. Read reviews and buy Kate Somerville acne products. "
10017,"Line Release Eye Cream - Try Eye Creams | Kate Somerville","Kate Somerville Line Release Under Eye Repair Cream diminishes the appearance of fine lines. Read reviews and buy Kate Somerville anti-aging products. "
10112,"CytoCell Treatment - Try Moisturizers | Kate Somerville","Kate Somerville CytoCell Dermal Energizing Treatment combats the visible signs of aging with Peptide P-199. Read reviews and buy Kate Somerville products. "
10125,"CytoCell Eye Cream - Try Eye Creams | Kate Somerville","Kate Somerville CytoCell Dark Circle Corrective Eye Cream reduces signs of aging around the eye. Read reviews and buy Kate Somerville anti-aging products."
10111,"Neck Moisturizer, Neck Firming | Neck Tissue Repair | Kate Somerville","Neck Tissue Repair Cream With Peptide K8 dramatically reduces the depth, density, and volume of fine lines and wrinkles.  Buy your anti-aging creams here."
10011_Old,"Oil Free Moisturizer - Try Moisturizers | Kate Somerville","Kate Somerville Oil Free Moisturizer absorbs quickly to provide hydration and moisturization, without parabens. Read reviews and buy Kate Somerville products. "
10012,"Goat Milk Cream -Try Moisturizers | Kate Somerville","Kate Somerville Goat Milk Cream utilizes Lactose to reveal a fresh, renewed complexion. Read reviews and buy Kate Somerville anti-aging products. "
10098,"ExfoliKate Body - Try Exfoliating Treatments|Kate Somerville","Kate Somerville ExfoliKate Body Intensive Exfoliating Treatment breaks down dead cells with Papaya Enzymes. Read reviews and buy Kate Somerville products. "
10116_Old,"Somerville360°™ Tanning Towelettes for Body - Self Tan | KateSomerville.com","Kate Somerville Somerville360 Face Self Tanning Pads provide natural-looking color. Read reviews and buy Kate Somerville tanning products.  "
10113,"Self Tanning Lotion | Face & Body Tanning Towelettes Somerville 360 | Kate Somerville","Somerville360 Tanning Towelettes offer an incredible skin-kissed look that doesnt require SPF. With a quick and easy application that prevents uneven tone or streaking, the best way to get a healthy-looking tan. Shop now."
10120,"Face Sunscreen, Facial Sunscreen | SPF 55 Serum Sunscreen | Kate Somerville","SPF 55 Serum Sunscreen is lightweight, free of oils, parabens, and alcohol, making it ideal for everyday use. The ultimate deflection of damaging UVA and UVB rays. Buy your quality sunscreen here."
10100,"ExfoliKate,  Quench, Deep Tissue, HydraKate | The Best of Kate Kit | Kate Somerville","The Kate Somerville Best of Kate Kit is the next best thing to seeing Kate in the clinic! Get five of her best-selling products in one convenient kit. Purchase your Best of Kate Kit now."
10086,"ExfoliKate,  Quench, Deep Tissue  | The Glow Kit | Kate Somerville","Ready to get your glow on? Then you need this must-have set, which includes three powerful best-sellers. Buy your Glow Kit here."
10085,"Detox Daily Wash, Anti Bac, Clearing Mask, Oil Free Moisturizer   | The 911 Kit | Kate Somerville","Does your skin need to be rescued? Luckily, the crisis can be easily averted with this save-the-day set of five clinical-strength solutions. Get immediate results! Purchase your 911 Kit here."
10087,"ExfoliKate, Gentle Daily Wash,  Quench, Total Vitamin, Nourish | The Discovery Kit | Kate Somerville","Perfect for discovering Kate Somerville products for the first time, or having travel sizes of your favorites! The Discovery Kit includes 5 of Kate's best selling product in travel-size & 2 samples in a signature pouch."
13015,"Anti Aging Duo - Try Skincare Solutions| Kate Somerville","Kate Somerville Repair the Wear Duo is designed to diminish the appearance of fine lines and wrinkles. Read reviews and buy Kate Somerville anti-aging products. "
10107,"Complexion Perfection- Try Skin Solutions | Kate Somerville","Kate Somerville's how-to guide for getting skin glowing. Read reviews and shop Kate Somerville products. "
09999,,
10128,"Eye Makeup Remover-Try Eye Makeup Removers | Kate Somerville","Kate Somerville TrueLash Lash Enhancing Eye Make Up Remover removes makeup while revitalizing the look of lashes. Read reviews and buy Kate Somerville products."
39004,,
39001,,
39000,,
39007,,
39008,,
39009,,
39011,,
39012,,
39006,,
39002,,
39021,,
39013,,
39010,,
10136,,
10135,,
Acne-Regimen,,
Anti-Aging-Regimen,,
Anti-Aging-Acne-regimen,,
Sensitive-regimen,,
Oily-regimen,,
Discoloration-regimen,,
Dry-regimen,,
35099,,
10095_ExfoliKate,"ExfoliKate - Try Exfoliating Treatments | Kate Somerville","Kate Somerville ExfoliKate Intensive Exfoliating Treatment exfoliates and polishes skin to reveal a glowing complexion. Read reviews and buy Kate Somerville. "
10053_HydraKate,"HydraKate Serum - Try Anti-Aging Serums | Kate Somerville","Kate Somerville HydraKate Lifting Serum visibly reduces the appearance of fine lines and wrinkles. Read reviews and buy Kate Somerville anti-aging products."
10053,"HydraKate Serum - Try Anti-Aging Serums | Kate Somerville","Kate Somerville HydraKate Lifting Serum visibly reduces the appearance of fine lines and wrinkles. Read reviews and buy Kate Somerville anti-aging products."
10102,"HydraKate Serum - Try Anti-Aging Serums | Kate Somerville","Kate Somerville HydraKate Lifting Serum visibly reduces the appearance of fine lines and wrinkles. Read reviews and buy Kate Somerville anti-aging products."
10010_Deep_Tissue,"Deep Tissue Repair Cream -Try Moisturizers | Kate Somerville","Kate Somerville Deep Tissue Repair Cream is moisturizer designed to provide intense hydration. Read reviews and buy Kate Somerville anti-aging products."
10010,"Deep Tissue Repair Cream -Try Moisturizers | Kate Somerville","Kate Somerville Deep Tissue Repair Cream is moisturizer designed to provide intense hydration. Read reviews and buy Kate Somerville anti-aging products."
10035,"Deep Tissue Repair Cream -Try Moisturizers | Kate Somerville","Kate Somerville Deep Tissue Repair Cream is moisturizer designed to provide intense hydration. Read reviews and buy Kate Somerville anti-aging products."
10009_Nourish,"Nourish Moisturizer - Try Daily Moisturizers|Kate Somerville","Kate Somerville Nourish Daily Moisturizer helps repair sensitive skin, improve texture, and increase elasticity. Read reviews and buy Kate Somerville products. "
10009,"Nourish Moisturizer-Try Daily Moisturizers | Kate Somerville","Kate Somerville Nourish Daily Moisturizer helps repair sensitive skin, improve texture, and increase elasticity. Read reviews and buy Kate Somerville products. "
10101,"Nourish Moisturizer-Try Daily Moisturizers | Kate Somerville","Kate Somerville Nourish Daily Moisturizer helps repair sensitive skin, improve texture, and increase elasticity. Read reviews and buy Kate Somerville products. "
10095,"ExfoliKate - Try Exfoliating Treatments | Kate Somerville","Kate Somerville ExfoliKate Intensive Exfoliating Treatment exfoliates and polishes skin to reveal a glowing complexion. Read reviews and buy Kate Somerville. "
10096,"ExfoliKate - Try Exfoliating Treatments | Kate Somerville","Kate Somerville ExfoliKate Intensive Exfoliating Treatment exfoliates and polishes skin to reveal a glowing complexion. Read reviews and buy Kate Somerville. "
Recurring-test,,
39005,,
16033,,
16095,,
10005_Detox,"Detox Cleanser -Try Acne Cleansers | Kate Somerville","Kate Somerville Detox Daily Cleanser is a daily face and skin cleanser with Salicylic and Glycolic Acids. Read reviews and buy Kate Somerville acne products. "
10003_Gentle_Daily_Wash,"Gentle Daily Wash - Try Gentle Cleansers | Kate Somerville","Kate Somerville Gentle Daily Wash is a gel cleanser for cleansing and conditioning sensitive skin. Read reviews and buy Kate Somerville cleansing products."
10104_Goat_Body,"Goat Milk Body Lotion with Amino Acids | KateSomerville.com","Goat Milk Body Lotion with amino acids is the perfect daily moisturizer. Visit KateSomerville.com for more ways to nourish your skin."
10014_Quench,"Quench Serum - Try Hydrating Face Serums | Kate Somerville","Kate Somerville Quench Hydrating Face Serum  is a daily serum formulated to create a dewy complexion. Read reviews and buy Kate Somerville anti-aging products. "
10132,"Quench Serum - Try Hydrating Face Serums | Kate Somerville","Kate Somerville Quench Hydrating Face Serum is a daily serum formulated to create a dewy complexion. Read reviews and buy Kate Somerville anti-aging products. "
10014,"Quench Serum - Try Hydrating Face Serums |Kate Somerville","Kate Somerville Quench Hydrating Face Serum is a daily serum formulated to create a dewy complexion. Read reviews and buy Kate Somerville anti-aging products. "
16056,,
10106,"Detox Cleanser -Try Acne Cleansers | Kate Somerville","Kate Somerville Detox Daily Cleanser is a daily face and skin cleanser with Salicylic and Glycolic Acids. Read reviews and buy Kate Somerville acne products. "
10005,"Detox Cleanser -Try Acne Cleansers | Kate Somerville","Kate Somerville Detox Daily Cleanser is a daily face and skin cleanser with Salicylic and Glycolic Acids. Read reviews and buy Kate Somerville acne products. "
10059,"Gentle Daily Wash - Try Gentle Cleansers | Kate Somerville","Kate Somerville Gentle Daily Wash is a gel cleanser for cleansing and conditioning sensitive skin. Read reviews and buy Kate Somerville cleansing products."
10003,"Gentle Daily Wash - Try Gentle Cleansers | Kate Somerville","Kate Somerville Gentle Daily Wash is a gel cleanser for cleansing and conditioning sensitive skin. Read reviews and buy Kate Somerville cleansing products. "
10141,,"Goat Milk Body Lotion with amino acids is the perfect daily moisturizer. Visit KateSomerville.com for more ways to nourish your skin."
10104,,"Goat Milk Body Lotion with amino acids is the perfect daily moisturizer. Visit KateSomerville.com for more ways to nourish your skin."
10137,"Ageless Solutions Kit - The Anti-Aging Solution | KateSomerville.com","Reveal a restored and refreshed look with the four anti-aging favorites in the Ageless Solutions Kit. Visit KateSomerville.com for more ways to fight signs of aging."
10138,"Blemish Banisher Kit-Try Skincare Solutions| Kate Somerville","Kate Somerville Blemish Banisher Kit prevents breakouts with targeted treatments to uncover a clear complexion. Read reviews and buy Kate Somerville acne products."
10134,"Kate's Essentials Kit - Anti Aging Skin Care | KateSomerville.com","Sensational skin starts with three essential steps: cleansing, exfoliating, and moisturizing. Get Kate's Essentials Kit and more anti-aging skin care at KateSomerville.com."
"Fine Lines / Dry / Cyto",,
10131,"Quench Lip Treatment - Anti-Aging Lip Treatment | KateSomerville.com","Quench lip treatment will leave your lips moisturized and replenished. For an anti-aging lip treatment that plumps and restores, visit KateSomerville.com."
16081,,
"Fine Lines / Oily / Cyto",,
Fine-Lines-Wrinkles-Enlarged-Pores-Oily-Cyto,,
Fine-Lines-Wrinkles-Enlarged-Pores-Dry-Normal-Cyto,,
Fine-Lines-Wrinkles-Acne-Dry-Normal-Cyto,,
Fine-Lines-Wrinkles-Acne-Oily-Very-Oily-Cyto,,
Fine-Lines-WrinklesSensitive-ComboOily-Cyto,,
FineLinesWrinklesSensitive-Normal-Cyto,,
FineLinesWrinklesSensitiveDry-Cyto,,
FineLinesWrinklesDiscoloration-DryNormal-Cyto,,
Acne-Cyto,,
AcneDiscoloration-Dry-Cyto,,
AcneDiscolorationComboOily-Cyto,,
AcneEnlargedPoresComboOily-Cyto,,
AcneEnlargedPoresDry-Cyto,,
AcneSensitiveDryNormal-Cyto,,
AcneSensitiveOilyCombo-Cyto,,
EnlargedPoresDryNormal-Cyto,,
EnlargedPoresOily-Cyto,,
DiscolorationDryNormal-Cyto,,
DiscolorationEnlargedPoresDryNormal-Cyto,,
DiscolorationOily-Cyto,,
DiscolorationEnlargedPoresOily-Cyto,,
DiscolorationSensitiveDry-Cyto,,
DiscolorationSensitiveOily-Cyto,,
"Sensitive / Dry/Normal / Cyto",,
SensitiveEnlargedPoresDryNormal-Cyto,,
SensitiveEnlargedPores-Oily-Cyto,,
SensitiveOily-Cyto,,
FineLinesWrinkles-Dry-Line,,
FineLinesWrinklesOily-Line,,
FineLinesWrinklesEnlargedPoresOily-Line,,
FineLinesWrinklesEnlargedPoresDryNormal-Line,,
FineLinesWrinklesAcneDryNormal-Line,,
FineLinesWrinklesAcneOilyVeryOily-Line,,
FineLinesWrinklesSensitiveComboOily-Line,,
FineLinesWrinklesSensitiveNormal-Line,,
FineLinesWrinklesSensitiveDry-Line,,
FineLinesWrinklesDiscolorationDryNormal-Line,,
Acne-Line,,
AcneDiscolorationDry-Line,,
AcneDiscolorationComboOily-Line,,
AcneEnlargedPoresComboOily-Line,,
AcneEnlargedPoresDry-Line,,
AcneSensitiveDryNormal-Line,,
"Acne/Sensitive – Oily/Combo -Line",,
EnlargedPoresDryNormal-Line,,
EnlargedPoresOily-Line,,
DiscolorationDryNormal-Line,,
DiscolorationEnlargedPoresDryNormal-Line,,
DiscolorationOily-Line,,
DiscolorationEnlargedPoresOily-Line,,
DiscolorationSensitiveDry-Line,,
DiscolorationSensitiveOily-Line,,
"Sensitive / Dry/Normal /  Line",,
SensitiveEnlargedPoresDryNormal-Line,,
SensitiveEnlargedPoresOily-Line,,
SensitiveOily-Line,,
FineLinesWrinklesDiscoloration-OilyCombo-Cyto,,
FineLinesWrinklesDiscolorationOilyCombo-Line,,
"Fine Lines / Discoloration / Oily/Combo / Most/All / Line",,
"Fine Lines / Discoloration / Oily/Combo / Most/All / Cyto",,
"Sensitive / Oily / Most/All / Line",,
"Sensitive / Enlarged Pores / Oily/Combo / Most/All / Line",,
"Sensitive / Enlarged Pores / Dry/Normal / Most/All / Line",,
"Sensitive / Dry/Normal / Most/All / Line",,
"Discoloration / Sensitive / Oily/Combo / Most/All / Line",,
"Discoloration / Sensitive / Dry/Normal / Most/All / Line",,
"Discoloration / Enlarged Pores / Oily/Combo / Most/All / Line",,
"Discoloration / Oily/Combo / Most/All / Line",,
"Discoloration / Enlarged Pores / Dry/Normal / Most/All / Line",,
"Discoloration / Dry/Normal / Most/All / Line",,
"Enlarged Pores / Oily/Combo / Most/All / Line",,
"Enlarged Pores / Dry/Normal / Most/All / Line",,
"Acne / Sensitive / Oily/Combo / Most/All / Line",,
"Acne / Sensitive / Dry/Normal / Most/All / Line",,
"Acne / Enlarged Pores / Dry/Normal / Most/All / Line",,
"Acne / Enlarged Pores / Oily/Combo / Most/All / Line",,
"Acne / Discoloration / Oily/Combo / Most/All / Line",,
"Acne / Discoloration / Dry/Normal / Most/All / Line",,
"Acne / Most/All / Line",,
"Fine Lines / Discoloration / Dry/Normal / Most/All / Line",,
"Fine Lines / Sensitive / Dry / Most/All / Line",,
"Fine Lines / Sensitive / Normal / Most/All / Line",,
"Fine Lines / Sensitive / Combo/Oily / Most/All / Line",,
"Fine Lines / Acne / Oily/Very Oily / Most/All / Line",,
"Fine Lines / Acne / Dry/Normal / Most/All / Line",,
"Fine Lines / Enlarged Pores / Dry/Normal / Most/All / Line",,
"Fine Lines / Enlarged Pores / Oily / Most/All / Line",,
"Fine Lines / Oily/Combo / Most/All / Line",,
"Fine Lines / Dry/Normal / Most/All / Line",,
"Sensitive / Oily / Most/All / Cyto",,
"Sensitive / Enlarged Pores / Oily/Combo / Most/All / Cyto",,
"Sensitive / Enlarged Pores / Dry/Normal / Most/All / Cyto",,
"Sensitive / Dry/Normal / Most/All / Cyto",,
"Discoloration / Sensitive / Oily/Combo / Most/All / Cyto",,
"Discoloration / Sensitive / Dry / Most/All / Cyto",,
"Discoloration / Enlarged Pores / Oily/Combo / Most/All / Cyto",,
"Discoloration / Oily/Combo / Most/All / Cyto",,
"Discoloration / Enlarged Pores / Dry/Normal / Most/All / Cyto",,
"Discoloration / Dry/Normal / Most/All / Cyto",,
"Enlarged Pores / Oily/Combo / Most/All / Cyto",,
"Enlarged Pores / Dry/Normal / Most/All / Cyto",,
"Acne / Sensitive / Oily/Combo / Most/All / Cyto",,
"Acne / Sensitive / Dry/Normal / Most/All / Cyto",,
"Acne / Enlarged Pores / Dry/Normal / Sometimes/Most/All / Cyto",,
"Acne / Enlarged Pores / Combo/Oily / Most/All / Cyto",,
"Acne / Discoloration / Combo/Oily / Most/All / Cyto",,
"Acne / Discoloration / Dry/Normal / Most/All / Cyto",,
"Acne / Most/All / Cyto",,
"Fine Lines / Discoloration / Dry/Normal / Most/All / Cyto",,
"Fine Lines / Sensitive / Dry / Most/All / Cyto",,
"Fine Lines / Sensitive / Normal / Most/All / Cyto",,
"Fine Lines / Sensitive / Oily/Combo / Most/All / Cyto",,
"Fine Lines / Acne / Oily/Very Oily / Most/All / Cyto",,
"Fine Lines / Acne / Dry/Normal / Most/All / Cyto",,
"Fine Lines / Enlarged Pores / Dry/Normal / Most/All / Cyto",,
"Fine Lines / Enlarged Pores / Oily/Combo / Most/All / Cyto",,
"Fine Lines / Oily/Combo / Most/All / Cyto",,
"Fine Lines / Dry/Normal / Most/All / Cyto",,
10130,"Pimple Punisher - Try  Acne Treatments | Kate Somerville","Kate Somerville 24 Hour Pimple Punisher is designed to target acne with Salicylic Acid. Read reviews and buy Kate Somerville acne products. "
16101,,
10144,,
10145,,
10146,,
10150,,
10140,"Somerville360 Face Pads - Try Self Tanning | Kate Somerville","Kate Somerville Somerville360 Face Self Tanning Pads provide natural-looking color. Read reviews and buy Kate Somerville tanning products. "
16274,"Body Scrub, Skin Scrub | ExfoliKate Body Exfoliating Treatment | Kate Somerville","ExfoliKate Body Intensive Exfoliating Treatment stimulates and smoothes, without irritating or drying. This effective scrub tightens and tones instantly to create unbelievably silky skin. Shop for ExfoliKate Body here."
10139,"Quench Face Serum - Try Oil Free Serums | Kate Somerville","Kate Somerville Quench Oil Free Hydrating Face Serum is formulated to decrease the appearance of wrinkles. Read reviews and buy Kate Somerville anti-aging products."
16103,,
39014,,
10155,"Age Defense Duo - Try Skincare Solutions | Kate Somerville","Kate Somerville Age Defense Duo diminishes the appearance of fine lines and wrinkles. Read reviews and buy Kate Somerville anti-aging products. "
10156,,
10154,,
16110,,
10157,,
10143_OLDDONOTUSE,"DermalQuench Liquid Lift - Advanced Wrinkle Treatment | KateSomerville.com","Order DermalQuench Liquid Lift Advanced Wrinkle Treatment today to reduce the appearance of fine lines and wrinkles and dramatically increase radiance. Visit KateSomerville.com for more anti-aging products."
10152,,
16049,,
16059,,
16063,,
35098,,
124,,
10149,"Daily Deflector Sunscreen - Try Sunscreens | Kate Somerville","Kate Somerville Daily Deflector Moisturizer Broad Spectrum SPF 20 Anti-Aging Sunscreen is a lightweight moisturizer. Read reviews and buy Kate Somerville products. "
10127,"KateCeuticals Cream -Try Moisturizers | Kate Somerville","Kate Somerville KateCeuticals Multi-Active Repair Lifting and Lineless Cream delivers anti-aging results. Read reviews and buy Kate Somerville anti-aging products."
10148,"Moisture Milk Cleanser - Try Cleansers | Kate Somerville","Kate Somerville KateCeuticals Moisture Milk Cleanser is a sulfate-free blend of Vitamins and Orange Peel extracts. Read reviews and buy Kate Somerville products. "
10129,"KateCeuticals Eye Cream - Try Eye Creams | Kate Somerville","Kate Somerville KateCeuticals Multi-Active Repair Eye Cream renews the entire eye area with a radiant glow. Read reviews and buy Kate Somerville anti-aging products. "
10166,"Oil Free Duo - Try Skincare Solutions | Kate Somerville","Kate Somerville Ultimate Oil Free Duo makes it possible to have smooth, glowing skin without the shine. Read reviews and buy Kate Somerville oil-free products."
16116,,
39015,,
10116_Somerville360B,"Somerville360 Towelettes - Try Self Tanning |Kate Somerville","Kate Somerville Somerville360 Face Self Tanning Pads provide natural-looking color. Read reviews and buy Kate Somerville tanning products. "
10169,"Somerville360 Towelettes - Try Self Tanning |Kate Somerville","Kate Somerville Somerville360 Face Self Tanning Pads provide natural-looking color. Read reviews and buy Kate Somerville tanning products.  "
10116,"Somerville360 Tanning Towelettes for Body - Self Tan | KateSomerville.com","Somerville360 Tanning Towelettes for body offer a sun-kissed look that doesn’t require SPF.  Visit KateSomerville.com today for a self tan!"
10119,"ExfoliKate - Try Exfoliating Treatments | Kate Somerville","Kate Somerville ExfoliKate Intensive Exfoliating Treatment exfoliates and polishes skin to reveal a glowing complexion. Read reviews and buy Kate Somerville. "
16117,,
35106,,
10142,,
10147,,
39016,,
39017,,
39018,,
16114,,
10172,,
"test -Complimentary",,
16144,,
16142,,
16143,,
10165,"KateCeuticals Restor8 Serum - Try Serums | Kate Somerville","Kate Somerville KateCeuticals Restor8 Replenishing Serum addresses the eight signs of aging. Read reviews and buy Kate Somerville anti-aging products. "
10159,"CytoCell Oil Free Serum - Try Serums |Kate Somerville Skincare","Kate Somerville CytoCell P299 Oil Free Anti-Wrinkle Serum is a concentrated treatment serum. Read reviews and buy Kate Somerville anti-aging products. "
39019,,
10163,"Nourish Body Cream - Try Body Lotions | Kate Somerville","Kate Somerville Nourish Body Perfection Body Rescue Cream provides long-term hydration. Read reviews and buy Kate Somerville anti-aging products.  "
10174,,
10153,,
35124,,
39020,,
10011_OilFree,"Oil Free Moisturizer - Try Moisturizers |Kate Somerville","Kate Somerville Oil Free Moisturizer absorbs quickly to provide hydration and moisturization, without parabens. Read reviews and shop Kate Somerville products. "
10011,"Oil Free Moisturizer - Try Moisturizers |Kate Somerville","Kate Somerville Oil Free Moisturizer absorbs quickly to provide hydration and moisturization, without parabens. Read reviews and shop Kate Somerville products. "
10170,"Oil Free Moisturizer -  Try Moisturizers | Kate Somerville","Kate Somerville Oil Free Moisturizer absorbs quickly to provide hydration and moisturization, without parabens. Read reviews and buy Kate Somerville products. "
09998,,
10179,,
16124,,
16066,,
10161,"D-Scar Serum - Try Scar Treatment | Kate Somerville","Kate Somerville D-Scar Scar Diminishing Serum reduces the appearance of scars and uneven texture. Read reviews and buy Kate Somerville products."
13010,,
13004,,
13008,,
13006,,
13007,,
13009,,
13003,,
13002,,
13005,,
13025,,
09997,,
13012,"Ageless Solutions Kit - The Anti-Aging Solution | KateSomerville.com","Reveal a restored and refreshed look with the four anti-aging favorites in the Ageless Solutions Kit. Visit KateSomerville.com for more ways to fight signs of aging."
13011,"Blemish Banisher Kit - Fight Blemishes Daily | KateSomerville.com","Attack existing blemishes and help prevent future breakouts with Kate Somerville's Blemish Banisher Kit. Visit KateSomerville.com and discover a clearer complexion."
10164," Body Glow Sunscreen - Try Body Sunscreens | Kate Somerville","Kate Somerville Body Glow Sunscreen Broad Spectrum SPF 20 is a 3-in-1 sun protection formula. Read reviews and buy Kate Somerville sun protection products."
10158,"RetAsphere Night Cream - Try Moisturizers | Kate Somerville","Kate Somerville RetAsphere 2-in-1 Retinol Night Cream diminishes the appearance of wrinkles. Read reviews and buy Kate Somerville anti-aging products. "
10151,,
13013,,
13014,"Celebrate ExfoliKate Trio | KateSomerville.com","Gift the award-winning ExfoliKate Intensive Exfoliating Treatment or indulge yourself with this convenient trio! For more holiday gift ideas, visit KateSomerville.com."
10178,,
35123,,
39022,,
16152,,
10181,"Somerville360 Tan Maximizer Tan Enhancing Moisturizer",
10175,"Daily Deflector Sunscreen - Try Sunscreens |Kate Somerville","Kate Somerville Daily Deflector Waterlight Broad Spectrum SPF 50+ PA+++ Anti-Aging Sunscreen provides broad spectrum protection. Read reviews and buy Kate Somerville."
10190,"Dilo Oil Restorative Treatment","Kate Somerville Dilo Oil Restorative Treatment is a fast-absorbing oil with rare Dilo Oil from Fiji. Read reviews and buy Kate Somerville anti-aging products. "
10177_OLD_DONOTUSE,"DermalQuench Liquid Lift Advanced Wrinkle Treatment - Luxury Size | KateSomerville.com","Order DermalQuench Liquid Lift Advanced Wrinkle Treatment today to reduce the appearance of fine lines and wrinkles and dramatically increase radiance. Visit KateSomerville.com for more anti-aging products."
16156,,
10193,"Age Arrest Cream- Try Anti Aging Solutions | Kate Somerville","Kate Somerville Age Arrest Anti-Wrinkle Cream helps to effectively reduce the appearance of wrinkles. Read reviews and buy Kate Somerville anti-aging products. "
10194,"Age Arrest Eye Cream -Try Aging Solutions |Kate Somerville","Kate Somerville Age Arrest Eye Cream helps to effectively reduce the appearance of wrinkles. Read reviews and buy Kate Somerville anti-aging products. "
16106,,
20002,,
16147,,
80256,,
13016,,
13017,,
13018,,
10189,"Daily Deflector Moisturizer-Try Sunscreens | Kate Somerville","Kate Somerville Daily Deflector Waterlight Broad Spectrum SPF 50+ PA+++ Anti-Aging Sunscreen provides broad spectrum protection. Read reviews and buy Kate Somerville."
10191_old,,
10186_old,,
10192_old,,
10187_old,,
10186_illumikate,,
10186,"IllumiKate CC Cream - Try Sunscreens | Kate Somerville","Kate Somerville IllumiKate CC Cream Broad Spectrum SPF 50+ PA+++ is a complexion correcting cream. Read reviews and buy Kate Somerville sun protection products. "
10191,"IllumiKate CC Cream - Try Sunscreens | Kate Somerville","Kate Somerville IllumiKate CC Cream Broad Spectrum SPF 50+ PA+++ is a complexion correcting cream. Read reviews and buy Kate Somerville sun protection products. "
10192,"IllumiKate CC Cream  - Try Sunscreens | Kate Somerville","Kate Somerville IllumiKate CC Cream Broad Spectrum SPF 50+ PA+++ is a complexion correcting cream. Read reviews and buy Kate Somerville sun protection products. "
10187,"IllumiKate CC Cream -Try Sunscreens | Kate Somerville","Kate Somerville IllumiKate CC Cream Broad Spectrum SPF 50+ PA+++ is a complexion correcting cream. Read reviews and buy Kate Somerville sun protection products. "
10195,"KateCeuticals Toner - Try Toners | Kate Somerville","Kate Somerville KateCeuticals Replenishing Toner is a multi-action treatment toner with Triple Action Peptide. Read reviews and buy Kate Somerville products. "
39024,,
39026,,
39027,,
39028,,
10199,"IllumiKate CC Cream - Try Sunscreens | Kate Somerville","Kate Somerville IllumiKate CC Cream Broad Spectrum SPF 50+ PA+++ is a complexion correcting cream. Read reviews and buy Kate Somerville sun protection products. "
39025,,
13021,"Kate's Acne Kit - Try Skincare Solutions |Kate Somerville","Kate Somerville Kate's Clear Solutions Acne Kit cleanses, treats, and hydrates acne prone skin. Read reviews and buy Kate Somerville acne products. "
13022,"Kate's Correct & Renew Brightening Kit",
13024,,
10143_dermalquench,"DermalQuench -  Try Anti-Aging Treatments | Kate Somerville","Kate Somerville DermalQuench Liquid Lift Advanced Wrinkle Treatment combats wrinkles. Read reviews and buy Kate Somerville anti-aging products."
16200,,
10143,"DermalQuench -  Try Anti-Aging Treatments | Kate Somerville","Kate Somerville DermalQuench Liquid Lift Advanced Wrinkle Treatment combats wrinkles. Read reviews and buy Kate Somerville anti-aging products."
10177,"DermalQuench -  Try Anti-Aging Treatments | Kate Somerville","Kate Somerville DermalQuench Liquid Lift Advanced Wrinkle Treatment combats wrinkles. Read reviews and buy Kate Somerville anti-aging products."
35201,,
13027,,
16218,,
16131,,
35233,,
35234,,
35235,,
35125,,
10200,"HydraClear Acne Gel - Try Acne Treatments | Kate Somerville","Kate Somerville HydraClear Hydrating Acne Gel is designed to reduce and prevent breakouts. Read reviews and buy Kate Somerville acne products. "
39047,,
10204,"Clinic Solutions Kit-Try Skincare Solutions| Kate Somerville","Kate Somerville Clinic Solutions Kit contains four products that smooth wrinkles and firms skin. Read reviews and buy Kate Somerville anti-aging products."
35101,,
16149,,
10205,"Eczema Cream - Try Soothing Creams | Kate Somerville","Kate Somerville Eczema Therapy Cream relieves dryness and soothes irritation with Colloidal Oatmeal. Read reviews and buy Kate Somerville eczema products. "
39036,,
39023,,
13035,,
13034,"CytoCell Duo - Try Skincare Solutions | Kate Somerville","Kate Somerville CytoCell™ Duo reduces the appearance of fine lines and improves skin texture and firmness. Read reviews and buy Kate Somerville acne products.  "
10215,"Age Arrest Mask - Try Hydrating Masks| Kate Somerville","Kate Somerville Age Arrest Hydrating Firming Mask delivers hydration and a powerful firming effect. Read reviews and buy Kate Somerville anti-aging products. "
10216,"Mega-C Serum - Try Vitamin C Treatments | Kate Somerville","Kate Somerville Mega-C Dual Radiance Serum boosts radiance and improves skin firmness. Read reviews and buy Kate Somerville anti-aging products.  "
10213,"DermalQuench Treatment-Try Acne Treatments | Kate Somerville","Kate Somerville DermalQuench Clear Anti-Acne Treatment clears blemishes and leaves skin looking younger. Read reviews and buy Kate Somerville acne products. "
35137,,
10211,"Red Carpet Kit - Try Skincare Solutions | Kate Somerville","Kate Somerville Red Carpet Essentials Kit gives you Hollywood’s secret to beautiful skin. Read reviews and buy Kate Somerville’s anti-aging products.  "
10233,"Nourish Moisturizer-Try Daily Moisturizers | Kate Somerville","Kate Somerville Nourish Daily Moisturizer helps repair sensitive skin, improve texture, and increase elasticity. Read reviews and buy Kate Somerville products. "
13036,,
10208_illumikate,"IllumiKate Eye Concealer - Try Eye Creams | Kate Somerville","Kate Somerville IllumiKate Concealing Eye Cream conceals dark circles and prevents wrinkles. Read reviews and buy Kate Somerville anti-aging products."
10208,"IllumiKate Eye Concealer - Try Eye Creams | Kate Somerville","Kate Somerville IllumiKate Concealing Eye Cream conceals dark circles and prevents wrinkles. Read reviews and buy Kate Somerville anti-aging products."
10209,"IllumiKate Eye Concealer - Try Eye Creams | Kate Somerville","Kate Somerville IllumiKate Concealing Eye Cream conceals dark circles and prevents wrinkles. Read reviews and buy Kate Somerville anti-aging products."
10210,"IllumiKate Eye Concealer - Try Eye Creams | Kate Somerville","Kate Somerville IllumiKate Concealing Eye Cream conceals dark circles and prevents wrinkles. Read reviews and buy Kate Somerville anti-aging products."
10207,"LumiWhite Spot Corrector - Try Treatments | Kate Somerville","Kate Somerville LumiWhite Skin Tone Perfector diminishes the appearance of discoloration. Read reviews and buy Kate Somerville products.  "
10206,"LumiWhite Perfector - Try Treatments | Kate Somerville","Kate Somerville LumiWhite Skin Tone Perfector diminishes the appearance of discoloration. Read reviews and buy Kate Somerville products.  "
10217,"RetAsphere Treatment-Try Retinol Treatment | Kate Somerville","Kate Somerville RetAsphere Micro Peel Retinol Glycolic Treatment is a leave-on micro peel. Read reviews and buy Kate Somerville anti-aging products."
10221,"Wrinkle Repair - Try Moisturizers | Kate Somerville","Kate Somerville High Definition Wrinkle Repair is formulated to minimize fine lines and wrinkles. Read reviews and buy Kate Somerville anti-aging products. "
13038,,
39042,"Mega-C Dual Radiance Serum",
39041,,
39043,,
13039,,
16259,,
16260,,
10226,"KateCeuticals Kit-Try Skincare Solutions | Kate Somerville","Kate Somerville KateCeuticals Essentials Kit is Kate’s most sophisticated age defense regiment. Read reviews and buy Kate Somerville’s anti-aging products. "
10224,"EradiKate Acne Kit - Try Acne Solutions | Kate Somerville","Kate Somerville Now You See It, Now You Don't Kit banishes blemishes and diminishes scars. Read reviews and buy Kate Somerville acne products.  "
10222,"Simply Glowing Kit-Try Skincare Solutions | Kate Somerville","Kate Somerville Simply Glowing Kit lets you glow and experience hydrated, brighter looking skin. Read reviews and buy Kate Somerville anti-aging products. "
16255,"Kate's Luminous & Bright Kit (Complimentary Gift)",
39032,,
39033,,
39034,,
39035,,
39038,,
39039,,
39040_old,,
10225,"KateCeuticals Eye Serum - Try Eye Serums | Kate Somerville","Kate Somerville KateCeuticals Contouring Eye Serum provides an instant, visible tightening effect. Read reviews and buy Kate Somerville anti-aging products. "
10219,"EradiKate Mask  - Try Foaming Acne Masks | Kate Somerville","Kate Somerville Eradicate Mask Foam Activated Acne Treatment is a gel-cream mask with Colloidal Sulfur. Read reviews and buy Kate Somerville acne products. "
16272,"Skin Hydrator, Dry Skin Serum, Anti Aging Serum | Quench Hydrating Face Serum  | Kate Somerville","Quench Hydrating Face Serum plumps up cells by locking in moisture, creating a gorgeous, dewy complexion that's silky soft and satiny smooth. Turn back time with a powerful combination of age defense ingredients. Buy Quench Hydrating Face Serum here."
10193_AgeArrest,"Age Arrest Cream- Try Anti Aging Solutions | Kate Somerville","Kate Somerville Age Arrest Anti-Wrinkle Cream helps to effectively reduce the appearance of wrinkles. Read reviews and buy Kate Somerville anti-aging products. "
10223,"Age Arrest Cream- Try Anti Aging Solutions | Kate Somerville","Kate Somerville Age Arrest Anti-Wrinkle Cream helps to effectively reduce the appearance of wrinkles. Read reviews and buy Kate Somerville anti-aging products. "
16271,,
16275,,
,,
16276,,
16277,,
16279,,
16278,,
10230,"ExfoliKate Intensive Exfoliating Treatment - Hioliday Edition | KateSomerville.com","Get a facial at home with the ExfoliKate Intensive Exfoliating Treatment. For more personalized exfoliating treatment advice, visit KateSomerville.com."
13055,"Luminous Holiday Kit",
13057,"Shimmering Holiday Kit",
13053,"Glowing Holiday Kit",
13050,"Age Arrest Holiday Kit",
13052,"Flawless Essentials Holiday Kit",
13051,"Clear Solutions Holiday Kit",
13056,"Men's Essentials Holiday Kit",
13054,"KateCeuticals™ Holiday Kit",
16196,,
16064,"Nourish Daily Moisturizer 0.5 Fl Oz. Travel Size | Kate Somerville","Nourish Daily Moisturizer saturates skin with sophisticated, anti-aging extracts. In addition, rich botanicals improve texture and increase elasticity and leave skin balanced and refreshed. Buy Nourish Daily Moisturizer here."
10229,"Nourish Mask -Try Hydrating Masks | Kate Somerville","Kate Somerville Nourish HydraGel Mask is an innovative cooling gel mask with Advanced Matrixyl 3000™. Read reviews and buy Kate Somerville products."
13060,,
10214,"DermalQuench - Try Anti-Aging Treatments | Kate Somerville","Kate Somerville DermalQuench Liquid Lift Advanced Wrinkle Treatment combats wrinkles. Read reviews and buy Kate Somerville anti-aging products."
10228,"Nourish Mist - Try Hydrating Mists | Kate Somerville","Kate Somerville Nourish Hydrating Firming Mist restores a youthful, dewy glow. Read reviews and buy Kate Somerville products."
"80434 ",,
"10234 ",,
"10235 ",,
"10236 ",,
"11141 ",,
"11142 ",,
"11143 ",,
"11146 ",,
"13061 ",,
"13062 ",,
"14071 ",,
"14072 ",,
"15097 ",,
"15098 ",,
"15099 ",,
"16293 ",,
"16294 ",,
"16295 ",,
"20131 ",,
"20135 ",,
"35292 ",,
"35294 ",,
"40936 ",,
"40940 ",,
"40941 ",,
"47231 ",,
"47233 ",,
"60112 ",,
"60113 ",,
"70029 ",,
"80431 ",,
"80436 ",,
"80437 ",,
"90286 ",,
"90288 ",,
"90289 ",,
"MF10233 ",,
"90287 ",,
"MF10235 ",,
"MF10236 ",,
"MF10234 ",,
"MF11148 ",,
"MF11110 ",,
"MF11150 ",,
"MF12107 ",,
"MF13061 ",,
"MF12108 ",,
"MF13062 ",,
"MF14071 ",,
"MF14072 ",,
"MF15096 ",,
"MF15097 ",,
"MF15098 ",,
"MF15099 ",,
"MF16288 ",,
"MF16289 ",,
"MF16292 ",,
"MF16291 ",,
"MF16294 ",,
"MF16295 ",,
"MF20131 ",,
"MF20135 ",,
"MF20134 ",,
"MF35289 ",,
"MF35290 ",,
"MF35292 ",,
"MF35294 ",,
39048,,
39040,,
39044,,
10231,"Beautiful Indulgences Gift Set",
10196,,
39046,,
35288,,
35186,,
35232,,
10232,,
16296,,
35217,,
35280,,
16307,,
35293,,
80454,,
16308,,
13069,"Travel Shop | Kate Somerville",
35304,,
35303,,
35302,,
16320,,
16201,,
35253,,
35224,,
